{
    "extraction_strength": 0.08835882985405105,
    "forget_Q_A_Prob": 0.32526359558105467,
    "forget_Q_A_ROUGE": 0.38570721512551187,
    "forget_quality": 3.913229651378406e-08,
    "forget_truth_ratio": 0.5862570414918309,
    "model_utility": 0.485066919319177,
    "privleak": -83.64249998327152
}